fecha,clausura
28/11/2014 00:00,376.28
29/11/2014 00:00,376.72
30/11/2014 00:00,373.34
01/12/2014 00:00,378.39
02/12/2014 00:00,379.25
03/12/2014 00:00,376.67
04/12/2014 00:00,365.2
05/12/2014 00:00,374.95
06/12/2014 00:00,375.07
07/12/2014 00:00,376.87
08/12/2014 00:00,364.61
09/12/2014 00:00,350.49
10/12/2014 00:00,348.13
11/12/2014 00:00,348.98
12/12/2014 00:00,354.48
13/12/2014 00:00,351.45
14/12/2014 00:00,350.17
15/12/2014 00:00,350.17
16/12/2014 00:00,330.02
17/12/2014 00:00,321.1
18/12/2014 00:00,312.17
19/12/2014 00:00,318
20/12/2014 00:00,329.99
21/12/2014 00:00,323.15
22/12/2014 00:00,330.52
23/12/2014 00:00,335.49
24/12/2014 00:00,322.14
25/12/2014 00:00,319.39
26/12/2014 00:00,330.88
27/12/2014 00:00,315.89
28/12/2014 00:00,316.63
29/12/2014 00:00,314.78
30/12/2014 00:00,311.94
31/12/2014 00:00,319.25
01/01/2015 00:00,316.31
02/01/2015 00:00,316.51
03/01/2015 00:00,286.01
04/01/2015 00:00,264.62
05/01/2015 00:00,276.8
06/01/2015 00:00,276.8
07/01/2015 00:00,276.8
08/01/2015 00:00,276.8
09/01/2015 00:00,276.8
10/01/2015 00:00,276.8
11/01/2015 00:00,276.8
12/01/2015 00:00,268.16
13/01/2015 00:00,221
14/01/2015 00:00,162
15/01/2015 00:00,208.81
16/01/2015 00:00,206.6
17/01/2015 00:00,200.1
18/01/2015 00:00,211.42
19/01/2015 00:00,216.88
20/01/2015 00:00,211.08
21/01/2015 00:00,228.59
22/01/2015 00:00,233
23/01/2015 00:00,233.03
24/01/2015 00:00,249.99
25/01/2015 00:00,253.09
26/01/2015 00:00,269.5
27/01/2015 00:00,262.99
28/01/2015 00:00,236.2
29/01/2015 00:00,234.75
30/01/2015 00:00,232.6
31/01/2015 00:00,217.98
01/02/2015 00:00,214.8
02/02/2015 00:00,237.97
03/02/2015 00:00,227.35
04/02/2015 00:00,227
05/02/2015 00:00,217
06/02/2015 00:00,222.88
07/02/2015 00:00,228.61
08/02/2015 00:00,224.19
09/02/2015 00:00,220.72
10/02/2015 00:00,220.95
11/02/2015 00:00,219.12
12/02/2015 00:00,222.46
13/02/2015 00:00,236.86
14/02/2015 00:00,257.9
15/02/2015 00:00,234.01
16/02/2015 00:00,236.55
17/02/2015 00:00,244.96
18/02/2015 00:00,235.79
19/02/2015 00:00,242.67
20/02/2015 00:00,246.1
21/02/2015 00:00,245.87
22/02/2015 00:00,236.68
23/02/2015 00:00,238.92
24/02/2015 00:00,239.69
25/02/2015 00:00,238
26/02/2015 00:00,236.7
27/02/2015 00:00,253.06
28/02/2015 00:00,252.98
01/03/2015 00:00,255.81
02/03/2015 00:00,274
03/03/2015 00:00,279
04/03/2015 00:00,269.83
05/03/2015 00:00,273.8
06/03/2015 00:00,273.26
07/03/2015 00:00,275.59
08/03/2015 00:00,274.89
09/03/2015 00:00,287
10/03/2015 00:00,290.24
11/03/2015 00:00,295.11
12/03/2015 00:00,295.56
13/03/2015 00:00,284.4
14/03/2015 00:00,282.7
15/03/2015 00:00,286.4
16/03/2015 00:00,289.7
17/03/2015 00:00,284.46
18/03/2015 00:00,257.29
19/03/2015 00:00,262.01
20/03/2015 00:00,262.09
21/03/2015 00:00,259.8
22/03/2015 00:00,269.39
23/03/2015 00:00,265.84
24/03/2015 00:00,246.93
25/03/2015 00:00,247.68
26/03/2015 00:00,249.46
27/03/2015 00:00,248.09
28/03/2015 00:00,252.31
29/03/2015 00:00,242.19
30/03/2015 00:00,247.69
31/03/2015 00:00,243.98
01/04/2015 00:00,245.98
02/04/2015 00:00,253.16
03/04/2015 00:00,253.79
04/04/2015 00:00,253.45
05/04/2015 00:00,260.5
06/04/2015 00:00,255.83
07/04/2015 00:00,254.45
08/04/2015 00:00,244.09
09/04/2015 00:00,243.53
10/04/2015 00:00,234.77
11/04/2015 00:00,237.34
12/04/2015 00:00,236.3
13/04/2015 00:00,222.87
14/04/2015 00:00,216.42
15/04/2015 00:00,221.51
16/04/2015 00:00,227.59
17/04/2015 00:00,221.86
18/04/2015 00:00,223.14
19/04/2015 00:00,222.89
20/04/2015 00:00,224.07
21/04/2015 00:00,234.13
22/04/2015 00:00,233
23/04/2015 00:00,235.14
24/04/2015 00:00,231.06
25/04/2015 00:00,226.28
26/04/2015 00:00,219.49
27/04/2015 00:00,226.01
28/04/2015 00:00,225.11
29/04/2015 00:00,225.49
30/04/2015 00:00,235.75
01/05/2015 00:00,231.96
02/05/2015 00:00,233.9
03/05/2015 00:00,239.18
04/05/2015 00:00,237.93
05/05/2015 00:00,234.37
06/05/2015 00:00,229.78
07/05/2015 00:00,236.82
08/05/2015 00:00,243.16
09/05/2015 00:00,241.4
10/05/2015 00:00,239.08
11/05/2015 00:00,239
12/05/2015 00:00,241.3
13/05/2015 00:00,236.9
14/05/2015 00:00,236.95
15/05/2015 00:00,237.12
16/05/2015 00:00,235.6
17/05/2015 00:00,236.05
18/05/2015 00:00,232.24
19/05/2015 00:00,231.69
20/05/2015 00:00,233.8
21/05/2015 00:00,235.49
22/05/2015 00:00,238.99
23/05/2015 00:00,237.71
24/05/2015 00:00,239.68
25/05/2015 00:00,235.48
26/05/2015 00:00,236.21
27/05/2015 00:00,235.34
28/05/2015 00:00,236.46
29/05/2015 00:00,236.02
30/05/2015 00:00,232.07
31/05/2015 00:00,229.08
01/06/2015 00:00,223.67
02/06/2015 00:00,224.78
03/06/2015 00:00,225.11
04/06/2015 00:00,222.37
05/06/2015 00:00,224.49
06/06/2015 00:00,224.36
07/06/2015 00:00,222.86
08/06/2015 00:00,228.11
09/06/2015 00:00,229.49
10/06/2015 00:00,227.51
11/06/2015 00:00,229.01
12/06/2015 00:00,229.61
13/06/2015 00:00,231.51
14/06/2015 00:00,231.77
15/06/2015 00:00,235.92
16/06/2015 00:00,248.75
17/06/2015 00:00,245.78
18/06/2015 00:00,248.09
19/06/2015 00:00,243.42
20/06/2015 00:00,244.69
21/06/2015 00:00,243.37
22/06/2015 00:00,247.09
23/06/2015 00:00,243.78
24/06/2015 00:00,240.69
25/06/2015 00:00,241.65
26/06/2015 00:00,243.2
27/06/2015 00:00,251.17
28/06/2015 00:00,248.9
29/06/2015 00:00,256.38
30/06/2015 00:00,264.13
01/07/2015 00:00,257.07
02/07/2015 00:00,254.69
03/07/2015 00:00,255.86
04/07/2015 00:00,260.74
05/07/2015 00:00,270.33
06/07/2015 00:00,269.47
07/07/2015 00:00,266.18
08/07/2015 00:00,269.39
09/07/2015 00:00,269.65
10/07/2015 00:00,286.61
11/07/2015 00:00,292.02
12/07/2015 00:00,310.24
13/07/2015 00:00,292
14/07/2015 00:00,287.96
15/07/2015 00:00,285.55
16/07/2015 00:00,277.23
17/07/2015 00:00,279.43
18/07/2015 00:00,276.73
19/07/2015 00:00,275.5
20/07/2015 00:00,277.73
21/07/2015 00:00,276.48
22/07/2015 00:00,277.93
23/07/2015 00:00,276.67
24/07/2015 00:00,289.96
25/07/2015 00:00,289.34
26/07/2015 00:00,292.84
27/07/2015 00:00,294.27
28/07/2015 00:00,293.84
29/07/2015 00:00,289.63
30/07/2015 00:00,287.73
31/07/2015 00:00,284.39
01/08/2015 00:00,280.77
02/08/2015 00:00,281.5
03/08/2015 00:00,282.72
04/08/2015 00:00,284.65
05/08/2015 00:00,281.99
06/08/2015 00:00,281.99
07/08/2015 00:00,279.01
08/08/2015 00:00,261.71
09/08/2015 00:00,265.36
10/08/2015 00:00,264.33
11/08/2015 00:00,270
12/08/2015 00:00,268.51
13/08/2015 00:00,264.65
14/08/2015 00:00,265.71
15/08/2015 00:00,261.03
16/08/2015 00:00,256.09
17/08/2015 00:00,256.66
18/08/2015 00:00,246
19/08/2015 00:00,227.1
20/08/2015 00:00,235.95
21/08/2015 00:00,233.27
22/08/2015 00:00,230.47
23/08/2015 00:00,228.47
24/08/2015 00:00,211.79
25/08/2015 00:00,221.64
26/08/2015 00:00,225.17
27/08/2015 00:00,223.8
28/08/2015 00:00,232.09
29/08/2015 00:00,229.23
30/08/2015 00:00,228.43
31/08/2015 00:00,229.84
01/09/2015 00:00,227.65
02/09/2015 00:00,228.77
03/09/2015 00:00,226.79
04/09/2015 00:00,231.09
05/09/2015 00:00,235.45
06/09/2015 00:00,240.45
07/09/2015 00:00,240.12
08/09/2015 00:00,244.04
09/09/2015 00:00,237.96
10/09/2015 00:00,238.5
11/09/2015 00:00,239.94
12/09/2015 00:00,235.61
13/09/2015 00:00,230.17
14/09/2015 00:00,229.51
15/09/2015 00:00,229.3
16/09/2015 00:00,227.85
17/09/2015 00:00,232.44
18/09/2015 00:00,232.82
19/09/2015 00:00,230.23
20/09/2015 00:00,230.29
21/09/2015 00:00,225.93
22/09/2015 00:00,229.59
23/09/2015 00:00,229.41
24/09/2015 00:00,233.19
25/09/2015 00:00,235.13
26/09/2015 00:00,233.89
27/09/2015 00:00,231.91
28/09/2015 00:00,239
29/09/2015 00:00,236.71
30/09/2015 00:00,236.65
01/10/2015 00:00,237.52
02/10/2015 00:00,237.69
03/10/2015 00:00,238.77
04/10/2015 00:00,238.4
05/10/2015 00:00,240.53
06/10/2015 00:00,246.93
07/10/2015 00:00,243.47
08/10/2015 00:00,243.41
09/10/2015 00:00,244.49
10/10/2015 00:00,245.72
11/10/2015 00:00,247.83
12/10/2015 00:00,245.48
13/10/2015 00:00,248.69
14/10/2015 00:00,252.46
15/10/2015 00:00,254.44
16/10/2015 00:00,262.5
17/10/2015 00:00,268.99
18/10/2015 00:00,261
19/10/2015 00:00,264.43
20/10/2015 00:00,270.23
21/10/2015 00:00,267.8
22/10/2015 00:00,275.3
23/10/2015 00:00,277.71
24/10/2015 00:00,282.59
25/10/2015 00:00,288.27
26/10/2015 00:00,285.82
27/10/2015 00:00,295.17
28/10/2015 00:00,304.05
29/10/2015 00:00,313.73
30/10/2015 00:00,328.78
31/10/2015 00:00,310.06
01/11/2015 00:00,328.98
02/11/2015 00:00,361.98
03/11/2015 00:00,398.21
04/11/2015 00:00,404.3
05/11/2015 00:00,383.22
06/11/2015 00:00,371.79
07/11/2015 00:00,385.76
08/11/2015 00:00,371.87
09/11/2015 00:00,379.88
10/11/2015 00:00,337.69
11/11/2015 00:00,303
12/11/2015 00:00,334.94
13/11/2015 00:00,333.51
14/11/2015 00:00,331.61
15/11/2015 00:00,317
16/11/2015 00:00,330.9
17/11/2015 00:00,335.44
18/11/2015 00:00,337.06
19/11/2015 00:00,324.95
20/11/2015 00:00,321.5
21/11/2015 00:00,324.99
22/11/2015 00:00,323.11
23/11/2015 00:00,323.01
24/11/2015 00:00,318.42
25/11/2015 00:00,328.3
26/11/2015 00:00,356.39
27/11/2015 00:00,359.87
28/11/2015 00:00,356.39
29/11/2015 00:00,371.04
30/11/2015 00:00,377.98
01/12/2015 00:00,362.95
02/12/2015 00:00,359.97
03/12/2015 00:00,361.32
04/12/2015 00:00,362.3
05/12/2015 00:00,384.67
06/12/2015 00:00,394.6
07/12/2015 00:00,395.1
08/12/2015 00:00,409
09/12/2015 00:00,416.08
10/12/2015 00:00,416.28
11/12/2015 00:00,451.68
12/12/2015 00:00,435.87
13/12/2015 00:00,435.8
14/12/2015 00:00,442.37
15/12/2015 00:00,463.61
16/12/2015 00:00,455.1
17/12/2015 00:00,456.01
18/12/2015 00:00,463
19/12/2015 00:00,460.96
20/12/2015 00:00,441.48
21/12/2015 00:00,437.56
22/12/2015 00:00,436.15
23/12/2015 00:00,443.34
24/12/2015 00:00,455.71
25/12/2015 00:00,455.5
26/12/2015 00:00,417.42
27/12/2015 00:00,423.29
28/12/2015 00:00,420.7
29/12/2015 00:00,430.04
30/12/2015 00:00,427.05
31/12/2015 00:00,430.57
01/01/2016 00:00,434.98
02/01/2016 00:00,433.74
03/01/2016 00:00,430.85
04/01/2016 00:00,433.97
05/01/2016 00:00,431.89
06/01/2016 00:00,431.84
07/01/2016 00:00,457.79
08/01/2016 00:00,451.32
09/01/2016 00:00,449.95
10/01/2016 00:00,447.21
11/01/2016 00:00,448.99
12/01/2016 00:00,446.27
13/01/2016 00:00,432.53
14/01/2016 00:00,429.22
15/01/2016 00:00,372.85
16/01/2016 00:00,386.43
17/01/2016 00:00,382.85
18/01/2016 00:00,385
19/01/2016 00:00,379.88
20/01/2016 00:00,410.93
21/01/2016 00:00,410.03
22/01/2016 00:00,381.78
23/01/2016 00:00,386.92
24/01/2016 00:00,402.5
25/01/2016 00:00,392.58
26/01/2016 00:00,390.66
27/01/2016 00:00,395
28/01/2016 00:00,379.16
29/01/2016 00:00,379.44
30/01/2016 00:00,376.6
31/01/2016 00:00,370
01/02/2016 00:00,371.5
02/02/2016 00:00,373.18
03/02/2016 00:00,367.64
04/02/2016 00:00,390
05/02/2016 00:00,385.88
06/02/2016 00:00,374.27
07/02/2016 00:00,375.4
08/02/2016 00:00,371.16
09/02/2016 00:00,373.16
10/02/2016 00:00,379.86
11/02/2016 00:00,377.99
12/02/2016 00:00,382.88
13/02/2016 00:00,389.51
14/02/2016 00:00,403.95
15/02/2016 00:00,399
16/02/2016 00:00,406.47
17/02/2016 00:00,415.52
18/02/2016 00:00,420.31
19/02/2016 00:00,419.27
20/02/2016 00:00,440.24
21/02/2016 00:00,437.7
22/02/2016 00:00,437.97
23/02/2016 00:00,420.05
24/02/2016 00:00,422.61
25/02/2016 00:00,423.51
26/02/2016 00:00,427.8
27/02/2016 00:00,431.06
28/02/2016 00:00,432.16
29/02/2016 00:00,436.62
01/03/2016 00:00,433.31
02/03/2016 00:00,425.18
03/03/2016 00:00,420.27
04/03/2016 00:00,409.97
05/03/2016 00:00,398.5
06/03/2016 00:00,404.78
07/03/2016 00:00,414.76
08/03/2016 00:00,412.13
09/03/2016 00:00,412.66
10/03/2016 00:00,416.5
11/03/2016 00:00,418.1
12/03/2016 00:00,410.47
13/03/2016 00:00,412.64
14/03/2016 00:00,413.85
15/03/2016 00:00,415.89
16/03/2016 00:00,416.49
17/03/2016 00:00,418.49
18/03/2016 00:00,408.21
19/03/2016 00:00,408.94
20/03/2016 00:00,411.34
21/03/2016 00:00,410.99
22/03/2016 00:00,415.89
23/03/2016 00:00,417.22
24/03/2016 00:00,415.96
25/03/2016 00:00,416.25
26/03/2016 00:00,416.77
27/03/2016 00:00,424.3
28/03/2016 00:00,422.05
29/03/2016 00:00,415.4
30/03/2016 00:00,413.09
31/03/2016 00:00,415.51
01/04/2016 00:00,415.38
02/04/2016 00:00,419.19
03/04/2016 00:00,419
04/04/2016 00:00,418.65
05/04/2016 00:00,422.6
06/04/2016 00:00,421.63
07/04/2016 00:00,419.84
08/04/2016 00:00,418.13
09/04/2016 00:00,418.37
10/04/2016 00:00,420.77
11/04/2016 00:00,422.08
12/04/2016 00:00,425.91
13/04/2016 00:00,423.26
14/04/2016 00:00,424.51
15/04/2016 00:00,429.25
16/04/2016 00:00,430.68
17/04/2016 00:00,426.75
18/04/2016 00:00,428.07
19/04/2016 00:00,435.25
20/04/2016 00:00,441.25
21/04/2016 00:00,451
22/04/2016 00:00,447.8
23/04/2016 00:00,451.31
24/04/2016 00:00,459.4
25/04/2016 00:00,465.99
26/04/2016 00:00,468
27/04/2016 00:00,447.46
28/04/2016 00:00,450
29/04/2016 00:00,454.77
30/04/2016 00:00,446.7
01/05/2016 00:00,451.4
02/05/2016 00:00,443.54
03/05/2016 00:00,451.7
04/05/2016 00:00,446.3
05/05/2016 00:00,448.82
06/05/2016 00:00,459.73
07/05/2016 00:00,458.15
08/05/2016 00:00,457.81
09/05/2016 00:00,461.63
10/05/2016 00:00,449.91
11/05/2016 00:00,452.01
12/05/2016 00:00,454.92
13/05/2016 00:00,456.04
14/05/2016 00:00,455.38
15/05/2016 00:00,457.48
16/05/2016 00:00,455.56
17/05/2016 00:00,453.01
18/05/2016 00:00,452.94
19/05/2016 00:00,441.63
20/05/2016 00:00,441.97
21/05/2016 00:00,442.84
22/05/2016 00:00,437.85
23/05/2016 00:00,442.29
24/05/2016 00:00,445.31
25/05/2016 00:00,448.02
26/05/2016 00:00,452.38
27/05/2016 00:00,472.68
28/05/2016 00:00,521.5
29/05/2016 00:00,513.85
30/05/2016 00:00,527
31/05/2016 00:00,532.06
01/06/2016 00:00,538.65
02/06/2016 00:00,538.98
03/06/2016 00:00,567.94
04/06/2016 00:00,573.87
05/06/2016 00:00,573.76
06/06/2016 00:00,583.49
07/06/2016 00:00,576.75
08/06/2016 00:00,583.24
09/06/2016 00:00,576.4
10/06/2016 00:00,577.91
11/06/2016 00:00,592.13
12/06/2016 00:00,667.94
13/06/2016 00:00,702.05
14/06/2016 00:00,685.69
15/06/2016 00:00,693.01
16/06/2016 00:00,765.6
17/06/2016 00:00,746.99
18/06/2016 00:00,755.02
19/06/2016 00:00,760.55
20/06/2016 00:00,734.99
21/06/2016 00:00,668.42
22/06/2016 00:00,594.1
23/06/2016 00:00,624.69
24/06/2016 00:00,656.71
25/06/2016 00:00,663.24
26/06/2016 00:00,628.61
27/06/2016 00:00,648.2
28/06/2016 00:00,645.39
29/06/2016 00:00,634.43
30/06/2016 00:00,666.84
01/07/2016 00:00,677
02/07/2016 00:00,702.48
03/07/2016 00:00,664.14
04/07/2016 00:00,678.72
05/07/2016 00:00,666.58
06/07/2016 00:00,674.46
07/07/2016 00:00,636.39
08/07/2016 00:00,664
09/07/2016 00:00,652.54
10/07/2016 00:00,646.55
11/07/2016 00:00,647.42
12/07/2016 00:00,671.7
13/07/2016 00:00,661.5
14/07/2016 00:00,660.53
15/07/2016 00:00,664.99
16/07/2016 00:00,662
17/07/2016 00:00,678.23
18/07/2016 00:00,673.46
19/07/2016 00:00,673.86
20/07/2016 00:00,667.02
21/07/2016 00:00,664.25
22/07/2016 00:00,652.95
23/07/2016 00:00,653.8
24/07/2016 00:00,659.51
25/07/2016 00:00,654.37
26/07/2016 00:00,652.22
27/07/2016 00:00,655.63
28/07/2016 00:00,653.44
29/07/2016 00:00,657.03
30/07/2016 00:00,654.37
31/07/2016 00:00,620.01
01/08/2016 00:00,607.61
02/08/2016 00:00,514.98
03/08/2016 00:00,565.63
04/08/2016 00:00,575.52
05/08/2016 00:00,576.64
06/08/2016 00:00,588.78
07/08/2016 00:00,592.6
08/08/2016 00:00,589.46
09/08/2016 00:00,583.53
10/08/2016 00:00,591.7
11/08/2016 00:00,587.57
12/08/2016 00:00,586
13/08/2016 00:00,582.11
14/08/2016 00:00,567.45
15/08/2016 00:00,565.79
16/08/2016 00:00,577.53
17/08/2016 00:00,570.47
18/08/2016 00:00,569.71
19/08/2016 00:00,572.11
20/08/2016 00:00,580
21/08/2016 00:00,578.47
22/08/2016 00:00,583.85
23/08/2016 00:00,580.71
24/08/2016 00:00,577.11
25/08/2016 00:00,576.99
26/08/2016 00:00,577.84
27/08/2016 00:00,567.41
28/08/2016 00:00,573
29/08/2016 00:00,571.5
30/08/2016 00:00,575.23
31/08/2016 00:00,570.76
01/09/2016 00:00,571.6
02/09/2016 00:00,572
03/09/2016 00:00,592.5
04/09/2016 00:00,604.25
05/09/2016 00:00,603.74
06/09/2016 00:00,608.96
07/09/2016 00:00,614.39
08/09/2016 00:00,625.66
09/09/2016 00:00,622
10/09/2016 00:00,622.01
11/09/2016 00:00,603.8
12/09/2016 00:00,607
13/09/2016 00:00,607.73
14/09/2016 00:00,607.89
15/09/2016 00:00,605.21
16/09/2016 00:00,605.9
17/09/2016 00:00,604.04
18/09/2016 00:00,608
19/09/2016 00:00,607.88
20/09/2016 00:00,606.95
21/09/2016 00:00,594.66
22/09/2016 00:00,593.95
23/09/2016 00:00,602.53
24/09/2016 00:00,600.14
25/09/2016 00:00,597.41
26/09/2016 00:00,604.28
27/09/2016 00:00,604.57
28/09/2016 00:00,603.71
29/09/2016 00:00,604.96
30/09/2016 00:00,608.26
01/10/2016 00:00,612
02/10/2016 00:00,608.59
03/10/2016 00:00,611.06
04/10/2016 00:00,607.18
05/10/2016 00:00,610.98
06/10/2016 00:00,610.34
07/10/2016 00:00,614.23
08/10/2016 00:00,614.48
09/10/2016 00:00,613.61
10/10/2016 00:00,615.37
11/10/2016 00:00,638.91
12/10/2016 00:00,635.06
13/10/2016 00:00,635.61
14/10/2016 00:00,638.38
15/10/2016 00:00,636.01
16/10/2016 00:00,638.09
17/10/2016 00:00,635.69
18/10/2016 00:00,635.58
19/10/2016 00:00,627.98
20/10/2016 00:00,627.72
21/10/2016 00:00,628.99
22/10/2016 00:00,655
23/10/2016 00:00,649.69
24/10/2016 00:00,648.14
25/10/2016 00:00,648.33
26/10/2016 00:00,673.14
27/10/2016 00:00,682.67
28/10/2016 00:00,685.29
29/10/2016 00:00,712.06
30/10/2016 00:00,696.36
31/10/2016 00:00,697.67
01/11/2016 00:00,726.6
02/11/2016 00:00,732.99
03/11/2016 00:00,681.03
04/11/2016 00:00,702.98
05/11/2016 00:00,703.63
06/11/2016 00:00,710.22
07/11/2016 00:00,706.5
08/11/2016 00:00,710.19
09/11/2016 00:00,720.44
10/11/2016 00:00,714.5
11/11/2016 00:00,715.82
12/11/2016 00:00,703
13/11/2016 00:00,701.51
14/11/2016 00:00,704.7
15/11/2016 00:00,710.82
16/11/2016 00:00,737.99
17/11/2016 00:00,737
18/11/2016 00:00,745.99
19/11/2016 00:00,749.57
20/11/2016 00:00,727.09
21/11/2016 00:00,736.97
22/11/2016 00:00,746.61
23/11/2016 00:00,740.17
24/11/2016 00:00,735.7
25/11/2016 00:00,737.03
26/11/2016 00:00,729.87
27/11/2016 00:00,726.12
28/11/2016 00:00,730.98
29/11/2016 00:00,730.99
30/11/2016 00:00,742.06
01/12/2016 00:00,751.6
02/12/2016 00:00,769.99
03/12/2016 00:00,762.79
04/12/2016 00:00,761.99
05/12/2016 00:00,750
06/12/2016 00:00,758.91
07/12/2016 00:00,766.85
08/12/2016 00:00,767.96
09/12/2016 00:00,769.49
10/12/2016 00:00,772.35
11/12/2016 00:00,768.19
12/12/2016 00:00,777.93
13/12/2016 00:00,778.71
14/12/2016 00:00,776.29
15/12/2016 00:00,774.79
16/12/2016 00:00,780.35
17/12/2016 00:00,788.4
18/12/2016 00:00,788.68
19/12/2016 00:00,790.65
20/12/2016 00:00,801.02
21/12/2016 00:00,828.1
22/12/2016 00:00,858.94
23/12/2016 00:00,916
24/12/2016 00:00,892.63
25/12/2016 00:00,891.67
26/12/2016 00:00,899.1
27/12/2016 00:00,929.92
28/12/2016 00:00,975.97
29/12/2016 00:00,968.99
30/12/2016 00:00,959.03
31/12/2016 00:00,964.32
01/01/2017 00:00,998.8
02/01/2017 00:00,1014.1
03/01/2017 00:00,1036.99
04/01/2017 00:00,1122.56
05/01/2017 00:00,994.02
06/01/2017 00:00,891.56
07/01/2017 00:00,897.14
08/01/2017 00:00,906.17
09/01/2017 00:00,899.99
10/01/2017 00:00,907.96
11/01/2017 00:00,788.81
12/01/2017 00:00,816
13/01/2017 00:00,826.9
14/01/2017 00:00,819.66
15/01/2017 00:00,822.47
16/01/2017 00:00,829.62
17/01/2017 00:00,906.08
18/01/2017 00:00,876.74
19/01/2017 00:00,900.46
20/01/2017 00:00,895.62
21/01/2017 00:00,921.1
22/01/2017 00:00,919.39
23/01/2017 00:00,921.39
24/01/2017 00:00,893
25/01/2017 00:00,892.95
26/01/2017 00:00,916.34
27/01/2017 00:00,917.84
28/01/2017 00:00,917.75
29/01/2017 00:00,913.1
30/01/2017 00:00,921.08
31/01/2017 00:00,965.01
01/02/2017 00:00,983.36
02/02/2017 00:00,1008.18
03/02/2017 00:00,1012.64
04/02/2017 00:00,1034.44
05/02/2017 00:00,1014.57
06/02/2017 00:00,1023.7
07/02/2017 00:00,1054.12
08/02/2017 00:00,1056.99
09/02/2017 00:00,981.96
10/02/2017 00:00,997.57
11/02/2017 00:00,1011.98
12/02/2017 00:00,1001.63
13/02/2017 00:00,1000.25
14/02/2017 00:00,1011.51
15/02/2017 00:00,1011.53
16/02/2017 00:00,1032.7
17/02/2017 00:00,1055.46
18/02/2017 00:00,1056.4
19/02/2017 00:00,1051.8
20/02/2017 00:00,1084
21/02/2017 00:00,1124.62
22/02/2017 00:00,1130.01
23/02/2017 00:00,1188.11
24/02/2017 00:00,1180.14
25/02/2017 00:00,1152.2
26/02/2017 00:00,1179.05
27/02/2017 00:00,1194.64
28/02/2017 00:00,1191.21
01/03/2017 00:00,1226.39
02/03/2017 00:00,1257.6
03/03/2017 00:00,1285.33
04/03/2017 00:00,1260
05/03/2017 00:00,1273
06/03/2017 00:00,1278.49
07/03/2017 00:00,1233.05
08/03/2017 00:00,1150.05
09/03/2017 00:00,1190.89
10/03/2017 00:00,1116.97
11/03/2017 00:00,1176.55
12/03/2017 00:00,1226.62
13/03/2017 00:00,1242.46
14/03/2017 00:00,1245.86
15/03/2017 00:00,1257.32
16/03/2017 00:00,1172.62
17/03/2017 00:00,1071.02
18/03/2017 00:00,969.4
19/03/2017 00:00,1017.97
20/03/2017 00:00,1035.96
21/03/2017 00:00,1114.39
22/03/2017 00:00,1037.56
23/03/2017 00:00,1029.65
24/03/2017 00:00,929.06
25/03/2017 00:00,956.02
26/03/2017 00:00,960
27/03/2017 00:00,1039.92
28/03/2017 00:00,1043.99
29/03/2017 00:00,1035.96
30/03/2017 00:00,1033.7
31/03/2017 00:00,1070.31
01/04/2017 00:00,1083.94
02/04/2017 00:00,1078.01
03/04/2017 00:00,1144.77
04/04/2017 00:00,1143
05/04/2017 00:00,1134.58
06/04/2017 00:00,1190.85
07/04/2017 00:00,1190.66
08/04/2017 00:00,1184.03
09/04/2017 00:00,1206.2
10/04/2017 00:00,1209.25
11/04/2017 00:00,1218.99
12/04/2017 00:00,1212.17
13/04/2017 00:00,1172.91
14/04/2017 00:00,1170.34
15/04/2017 00:00,1173.45
16/04/2017 00:00,1162.31
17/04/2017 00:00,1176.54
18/04/2017 00:00,1202.58
19/04/2017 00:00,1203.98
20/04/2017 00:00,1234.19
21/04/2017 00:00,1243.61
22/04/2017 00:00,1233.2
23/04/2017 00:00,1241.99
24/04/2017 00:00,1253.58
25/04/2017 00:00,1269
26/04/2017 00:00,1287.99
27/04/2017 00:00,1331.53
28/04/2017 00:00,1330.7
29/04/2017 00:00,1333
30/04/2017 00:00,1350.21
01/05/2017 00:00,1390.86
02/05/2017 00:00,1447.75
03/05/2017 00:00,1503.22
04/05/2017 00:00,1537.23
05/05/2017 00:00,1514.9
06/05/2017 00:00,1558.02
07/05/2017 00:00,1554.01
08/05/2017 00:00,1649.54
09/05/2017 00:00,1720.28
10/05/2017 00:00,1772.58
11/05/2017 00:00,1828.45
12/05/2017 00:00,1691.51
13/05/2017 00:00,1776.89
14/05/2017 00:00,1784
15/05/2017 00:00,1705.48
16/05/2017 00:00,1700.01
17/05/2017 00:00,1782.99
18/05/2017 00:00,1878.99
19/05/2017 00:00,1958
20/05/2017 00:00,2013.99
21/05/2017 00:00,2017.55
22/05/2017 00:00,2099.97
23/05/2017 00:00,2264.23
24/05/2017 00:00,2420.29
25/05/2017 00:00,2292.53
26/05/2017 00:00,2279.82
27/05/2017 00:00,2042
28/05/2017 00:00,2178.81
29/05/2017 00:00,2292.1
30/05/2017 00:00,2203.51
31/05/2017 00:00,2298.01
01/06/2017 00:00,2413.63
02/06/2017 00:00,2488.94
03/06/2017 00:00,2540.94
04/06/2017 00:00,2530.27
05/06/2017 00:00,2698
06/06/2017 00:00,2880.74
07/06/2017 00:00,2683.03
08/06/2017 00:00,2806
09/06/2017 00:00,2822.32
10/06/2017 00:00,2899.99
11/06/2017 00:00,2954.22
12/06/2017 00:00,2667.06
13/06/2017 00:00,2703.02
14/06/2017 00:00,2450
15/06/2017 00:00,2424.91
16/06/2017 00:00,2484.68
17/06/2017 00:00,2630
18/06/2017 00:00,2516.98
19/06/2017 00:00,2598
20/06/2017 00:00,2740
21/06/2017 00:00,2657.04
22/06/2017 00:00,2713.48
23/06/2017 00:00,2685.05
24/06/2017 00:00,2557.66
25/06/2017 00:00,2502.03
26/06/2017 00:00,2421.22
27/06/2017 00:00,2565
28/06/2017 00:00,2559.9
29/06/2017 00:00,2541.59
30/06/2017 00:00,2465.49
01/07/2017 00:00,2412.41
02/07/2017 00:00,2504.37
03/07/2017 00:00,2550.47
04/07/2017 00:00,2596.12
05/07/2017 00:00,2602.9
06/07/2017 00:00,2600.39
07/07/2017 00:00,2501.46
08/07/2017 00:00,2550.07
09/07/2017 00:00,2502.28
10/07/2017 00:00,2323.45
11/07/2017 00:00,2305.98
12/07/2017 00:00,2388
13/07/2017 00:00,2339.99
14/07/2017 00:00,2213.37
15/07/2017 00:00,1970.51
16/07/2017 00:00,1917.63
17/07/2017 00:00,2226
18/07/2017 00:00,2303.71
19/07/2017 00:00,2265.21
20/07/2017 00:00,2875.03
21/07/2017 00:00,2670
22/07/2017 00:00,2832.71
23/07/2017 00:00,2749.02
24/07/2017 00:00,2759.98
25/07/2017 00:00,2564.82
26/07/2017 00:00,2524.99
27/07/2017 00:00,2666.33
28/07/2017 00:00,2777.01
29/07/2017 00:00,2680.56
30/07/2017 00:00,2742.37
31/07/2017 00:00,2855.81
01/08/2017 00:00,2731
02/08/2017 00:00,2703.51
03/08/2017 00:00,2793.37
04/08/2017 00:00,2855
05/08/2017 00:00,3263.62
06/08/2017 00:00,3222.75
07/08/2017 00:00,3387.55
08/08/2017 00:00,3412.41
09/08/2017 00:00,3342.99
10/08/2017 00:00,3413.03
11/08/2017 00:00,3645.06
12/08/2017 00:00,3855.1
13/08/2017 00:00,4053.87
14/08/2017 00:00,4306.23
15/08/2017 00:00,4155.67
16/08/2017 00:00,4378.84
17/08/2017 00:00,4276.5
18/08/2017 00:00,4100
19/08/2017 00:00,4099.55
20/08/2017 00:00,4058.68
21/08/2017 00:00,3987.52
22/08/2017 00:00,4085
23/08/2017 00:00,4108.12
24/08/2017 00:00,4300.34
25/08/2017 00:00,4355.98
26/08/2017 00:00,4333.38
27/08/2017 00:00,4337.68
28/08/2017 00:00,4379.99
29/08/2017 00:00,4578.82
30/08/2017 00:00,4573.2
31/08/2017 00:00,4734.26
01/09/2017 00:00,4921.7
02/09/2017 00:00,4599.9
03/09/2017 00:00,4606.26
04/09/2017 00:00,4277
05/09/2017 00:00,4396.52
06/09/2017 00:00,4605.8
07/09/2017 00:00,4615
08/09/2017 00:00,4312
09/09/2017 00:00,4308.72
10/09/2017 00:00,4226.22
11/09/2017 00:00,4207.31
12/09/2017 00:00,4172.56
13/09/2017 00:00,3865.34
14/09/2017 00:00,3227.79
15/09/2017 00:00,3700.01
16/09/2017 00:00,3678.93
17/09/2017 00:00,3662.99
18/09/2017 00:00,4101.6
19/09/2017 00:00,3888.8
20/09/2017 00:00,3874.46
21/09/2017 00:00,3617.05
22/09/2017 00:00,3612.18
23/09/2017 00:00,3779.17
24/09/2017 00:00,3664.22
25/09/2017 00:00,3918
26/09/2017 00:00,3888.03
27/09/2017 00:00,4199.29
28/09/2017 00:00,4184.84
29/09/2017 00:00,4164.82
30/09/2017 00:00,4326.09
01/10/2017 00:00,4377.22
02/10/2017 00:00,4391.48
03/10/2017 00:00,4315.83
04/10/2017 00:00,4219.53
05/10/2017 00:00,4301.09
06/10/2017 00:00,4362.95
07/10/2017 00:00,4423.3
08/10/2017 00:00,4597.98
09/10/2017 00:00,4764.7
10/10/2017 00:00,4749.29
11/10/2017 00:00,4822.01
12/10/2017 00:00,5445
13/10/2017 00:00,5653.6
14/10/2017 00:00,5801.29
15/10/2017 00:00,5679.7
16/10/2017 00:00,5745.72
17/10/2017 00:00,5597.31
18/10/2017 00:00,5582.05
19/10/2017 00:00,5698.69
20/10/2017 00:00,5977.29
21/10/2017 00:00,6013.46
22/10/2017 00:00,5969
23/10/2017 00:00,5871.17
24/10/2017 00:00,5523.4
25/10/2017 00:00,5735.88
26/10/2017 00:00,5890
27/10/2017 00:00,5771.89
28/10/2017 00:00,5730.69
29/10/2017 00:00,6137.37
30/10/2017 00:00,6119.99
31/10/2017 00:00,6434.21
01/11/2017 00:00,6741.59
02/11/2017 00:00,7030
03/11/2017 00:00,7146.82
04/11/2017 00:00,7388.83
05/11/2017 00:00,7372.72
06/11/2017 00:00,6967.68
07/11/2017 00:00,7130.28
08/11/2017 00:00,7450.32
09/11/2017 00:00,7148
10/11/2017 00:00,6588.18
11/11/2017 00:00,6355.13
12/11/2017 00:00,5870.37
13/11/2017 00:00,6525.17
14/11/2017 00:00,6609
15/11/2017 00:00,7294
16/11/2017 00:00,7846.96
17/11/2017 00:00,7674.99
18/11/2017 00:00,7771.03
19/11/2017 00:00,8016.58
20/11/2017 00:00,8226.17
21/11/2017 00:00,8095.23
22/11/2017 00:00,8214.69
23/11/2017 00:00,7989
24/11/2017 00:00,8199.19
25/11/2017 00:00,8717.99
26/11/2017 00:00,9271.06
27/11/2017 00:00,9708.07
28/11/2017 00:00,9868.82
29/11/2017 00:00,9824.68
30/11/2017 00:00,9947.67
01/12/2017 00:00,10840.45
02/12/2017 00:00,10872
03/12/2017 00:00,11250
04/12/2017 00:00,11613.07
05/12/2017 00:00,11677
06/12/2017 00:00,13623.5
07/12/2017 00:00,16599.99
08/12/2017 00:00,15800
09/12/2017 00:00,14607.49
10/12/2017 00:00,14691
11/12/2017 00:00,16470
12/12/2017 00:00,16650.01
13/12/2017 00:00,16250
14/12/2017 00:00,16404.99
15/12/2017 00:00,17471.5
16/12/2017 00:00,19187.78
17/12/2017 00:00,18953
18/12/2017 00:00,18940.57
19/12/2017 00:00,17700
20/12/2017 00:00,16466.98
21/12/2017 00:00,15600.01
22/12/2017 00:00,14009.79
23/12/2017 00:00,14619
24/12/2017 00:00,14157.87
25/12/2017 00:00,13911.28
26/12/2017 00:00,15764.44
27/12/2017 00:00,15364.93
28/12/2017 00:00,14470.07
29/12/2017 00:00,14340
30/12/2017 00:00,12640
31/12/2017 00:00,13880
01/01/2018 00:00,13443.41
02/01/2018 00:00,14678.94
03/01/2018 00:00,15155.62
04/01/2018 00:00,15143.67
05/01/2018 00:00,16928
06/01/2018 00:00,17149.67
07/01/2018 00:00,16124.02
08/01/2018 00:00,14999.99
09/01/2018 00:00,14403.51
10/01/2018 00:00,14890.02
11/01/2018 00:00,13243.83
12/01/2018 00:00,13781.41
13/01/2018 00:00,14197.78
14/01/2018 00:00,13647.99
15/01/2018 00:00,13607.04
16/01/2018 00:00,11386.34
17/01/2018 00:00,11191.35
18/01/2018 00:00,11247.57
19/01/2018 00:00,11552
20/01/2018 00:00,12775.99
21/01/2018 00:00,11558.87
22/01/2018 00:00,10808.99
23/01/2018 00:00,10851.82
24/01/2018 00:00,11400.96
25/01/2018 00:00,11155.54
26/01/2018 00:00,11092.95
27/01/2018 00:00,11446.54
28/01/2018 00:00,11685.58
29/01/2018 00:00,11162.62
30/01/2018 00:00,9971
31/01/2018 00:00,10149
01/02/2018 00:00,8998.99
02/02/2018 00:00,8838.83
03/02/2018 00:00,9225.86
04/02/2018 00:00,8191
05/02/2018 00:00,6874.27
06/02/2018 00:00,7737.37
07/02/2018 00:00,7588.01
08/02/2018 00:00,8259.76
09/02/2018 00:00,8693.98
10/02/2018 00:00,8560
11/02/2018 00:00,8067
12/02/2018 00:00,8899
13/02/2018 00:00,8522.99
14/02/2018 00:00,9490.98
15/02/2018 00:00,10018
16/02/2018 00:00,10196
17/02/2018 00:00,11101
18/02/2018 00:00,10421.06
19/02/2018 00:00,11173
20/02/2018 00:00,11233.41
21/02/2018 00:00,10449.4
22/02/2018 00:00,9843.34
23/02/2018 00:00,10166.1
24/02/2018 00:00,9689.99
25/02/2018 00:00,9590.04
26/02/2018 00:00,10324.7
27/02/2018 00:00,10566.3
28/02/2018 00:00,10314.9
01/03/2018 00:00,10903.13
02/03/2018 00:00,11029.99
03/03/2018 00:00,11445
04/03/2018 00:00,11463.27
05/03/2018 00:00,11419.24
06/03/2018 00:00,10723.76
07/03/2018 00:00,9913.03
08/03/2018 00:00,9285.32
09/03/2018 00:00,9230
10/03/2018 00:00,8791.47
11/03/2018 00:00,9535.04
12/03/2018 00:00,9120.75
13/03/2018 00:00,9142.32
14/03/2018 00:00,8196.69
15/03/2018 00:00,8265.05
16/03/2018 00:00,8258.54
17/03/2018 00:00,7860.83
18/03/2018 00:00,8188.24
19/03/2018 00:00,8596.93
20/03/2018 00:00,8904.02
21/03/2018 00:00,8893.79
22/03/2018 00:00,8704.67
23/03/2018 00:00,8920.79
24/03/2018 00:00,8547
25/03/2018 00:00,8453.9
26/03/2018 00:00,8149.66
27/03/2018 00:00,7791.7
28/03/2018 00:00,7932.41
29/03/2018 00:00,7088.38
30/03/2018 00:00,6850
31/03/2018 00:00,6928.62
01/04/2018 00:00,6813.52
02/04/2018 00:00,7052.76
03/04/2018 00:00,7416.27
04/04/2018 00:00,6799.95
05/04/2018 00:00,6771.69
06/04/2018 00:00,6618.33
07/04/2018 00:00,6904.9
08/04/2018 00:00,7027.26
09/04/2018 00:00,6780.1
10/04/2018 00:00,6835.67
11/04/2018 00:00,6940.94
12/04/2018 00:00,7923.78
13/04/2018 00:00,7896.92
14/04/2018 00:00,8000.41
15/04/2018 00:00,8354.22
16/04/2018 00:00,8048.15
17/04/2018 00:00,7890.87
18/04/2018 00:00,8172.84
19/04/2018 00:00,8271.31
20/04/2018 00:00,8861
21/04/2018 00:00,8920.71
22/04/2018 00:00,8789.96
23/04/2018 00:00,8946.95
24/04/2018 00:00,9648
25/04/2018 00:00,8864.99
26/04/2018 00:00,9274.48
27/04/2018 00:00,8921.43
28/04/2018 00:00,9345.11
29/04/2018 00:00,9393.99
30/04/2018 00:00,9242.17
01/05/2018 00:00,9066.9
02/05/2018 00:00,9222
03/05/2018 00:00,9732.43
04/05/2018 00:00,9696.57
05/05/2018 00:00,9823.28
06/05/2018 00:00,9623.54
07/05/2018 00:00,9359.52
08/05/2018 00:00,9167.69
09/05/2018 00:00,9308.49
10/05/2018 00:00,9020.99
11/05/2018 00:00,8411.42
12/05/2018 00:00,8481.6
13/05/2018 00:00,8696.58
14/05/2018 00:00,8674.36
15/05/2018 00:00,8474.99
16/05/2018 00:00,8346.59
17/05/2018 00:00,8067.03
18/05/2018 00:00,8248.87
19/05/2018 00:00,8231.2
20/05/2018 00:00,8518.48
21/05/2018 00:00,8391.76
22/05/2018 00:00,7984.08
23/05/2018 00:00,7502.89
24/05/2018 00:00,7586.88
25/05/2018 00:00,7471.18
26/05/2018 00:00,7335.99
27/05/2018 00:00,7347.39
28/05/2018 00:00,7112.5
29/05/2018 00:00,7469.45
30/05/2018 00:00,7375.73
31/05/2018 00:00,7492.28
01/06/2018 00:00,7511.6
02/06/2018 00:00,7642
03/06/2018 00:00,7703.67
04/06/2018 00:00,7488.26
05/06/2018 00:00,7617.98
06/06/2018 00:00,7658.57
07/06/2018 00:00,7689.28
08/06/2018 00:00,7618.11
09/06/2018 00:00,7492.7
10/06/2018 00:00,6781.17
11/06/2018 00:00,6880.61
12/06/2018 00:00,6557.67
13/06/2018 00:00,6307.4
14/06/2018 00:00,6646.1
15/06/2018 00:00,6390.6
16/06/2018 00:00,6487.92
17/06/2018 00:00,6453.41
18/06/2018 00:00,6707.5
19/06/2018 00:00,6736.52
20/06/2018 00:00,6756.58
21/06/2018 00:00,6718.33
22/06/2018 00:00,6050.45
23/06/2018 00:00,6177.38
24/06/2018 00:00,6153.4
25/06/2018 00:00,6253.61
26/06/2018 00:00,6068
27/06/2018 00:00,6135.64
28/06/2018 00:00,5848.33
29/06/2018 00:00,6204.24
30/06/2018 00:00,6385.71
01/07/2018 00:00,6349.99
02/07/2018 00:00,6612.98
03/07/2018 00:00,6507.99
04/07/2018 00:00,6584.25
05/07/2018 00:00,6533.69
06/07/2018 00:00,6596.53
07/07/2018 00:00,6759.99
08/07/2018 00:00,6706.6
09/07/2018 00:00,6666.75
10/07/2018 00:00,6299.46
11/07/2018 00:00,6380
12/07/2018 00:00,6243.88
13/07/2018 00:00,6215.59
14/07/2018 00:00,6243.98
15/07/2018 00:00,6349.3
16/07/2018 00:00,6721.04
17/07/2018 00:00,7310.71
18/07/2018 00:00,7378.1
19/07/2018 00:00,7471.42
20/07/2018 00:00,7330.84
21/07/2018 00:00,7409.92
22/07/2018 00:00,7396.6
23/07/2018 00:00,7719.62
24/07/2018 00:00,8403.83
25/07/2018 00:00,8174.06
26/07/2018 00:00,7926
27/07/2018 00:00,8183.05
28/07/2018 00:00,8237.74
29/07/2018 00:00,8216.74
30/07/2018 00:00,8160.21
31/07/2018 00:00,7725.43
01/08/2018 00:00,7602.01
02/08/2018 00:00,7536.37
03/08/2018 00:00,7416.98
04/08/2018 00:00,7009.99
05/08/2018 00:00,7032.61
06/08/2018 00:00,6936.11
07/08/2018 00:00,6717.68
08/08/2018 00:00,6283.59
09/08/2018 00:00,6543.76
10/08/2018 00:00,6139.99
11/08/2018 00:00,6239.98
12/08/2018 00:00,6310.82
13/08/2018 00:00,6252.63
14/08/2018 00:00,6193.62
15/08/2018 00:00,6272.3
16/08/2018 00:00,6313.51
17/08/2018 00:00,6580.15
18/08/2018 00:00,6399.28
19/08/2018 00:00,6481.99
20/08/2018 00:00,6260.82
21/08/2018 00:00,6479.27
22/08/2018 00:00,6355.76
23/08/2018 00:00,6525.01
24/08/2018 00:00,6692.94
25/08/2018 00:00,6732.4
26/08/2018 00:00,6700.46
27/08/2018 00:00,6904.51
28/08/2018 00:00,7080.94
29/08/2018 00:00,7032.96
30/08/2018 00:00,6984.01
31/08/2018 00:00,7017.35
01/09/2018 00:00,7185.01
02/09/2018 00:00,7290.31
03/09/2018 00:00,7258.99
04/09/2018 00:00,7361
05/09/2018 00:00,6679.3
06/09/2018 00:00,6493.09
07/09/2018 00:00,6400
08/09/2018 00:00,6178.31
09/09/2018 00:00,6236.04
10/09/2018 00:00,6301.99
11/09/2018 00:00,6279.99
12/09/2018 00:00,6322.45
13/09/2018 00:00,6485.7
14/09/2018 00:00,6476.51
15/09/2018 00:00,6520.15
16/09/2018 00:00,6499.98
17/09/2018 00:00,6254.52
18/09/2018 00:00,6332.34
19/09/2018 00:00,6388.4
20/09/2018 00:00,6492.98
21/09/2018 00:00,6749.45
22/09/2018 00:00,6710.01
23/09/2018 00:00,6702.22
24/09/2018 00:00,6581.52
25/09/2018 00:00,6428.99
26/09/2018 00:00,6461.51
27/09/2018 00:00,6681.62
28/09/2018 00:00,6610.76
29/09/2018 00:00,6579.38
30/09/2018 00:00,6597.81
01/10/2018 00:00,6571.2
02/10/2018 00:00,6500
03/10/2018 00:00,6456.77
04/10/2018 00:00,6547.56
05/10/2018 00:00,6582.12
06/10/2018 00:00,6544.08
07/10/2018 00:00,6577.63
08/10/2018 00:00,6604.75
09/10/2018 00:00,6588.8
10/10/2018 00:00,6517.55
11/10/2018 00:00,6152.76
12/10/2018 00:00,6185.15
13/10/2018 00:00,6199.69
14/10/2018 00:00,6183
15/10/2018 00:00,6441.74
16/10/2018 00:00,6461.2
17/10/2018 00:00,6437.29
18/10/2018 00:00,6396.18
19/10/2018 00:00,6383.46
20/10/2018 00:00,6412.86
21/10/2018 00:00,6413.38
22/10/2018 00:00,6406.06
23/10/2018 00:00,6393.41
24/10/2018 00:00,6411.96
25/10/2018 00:00,6393.53
26/10/2018 00:00,6406.1
27/10/2018 00:00,6407.66
28/10/2018 00:00,6405.57
29/10/2018 00:00,6266.52
30/10/2018 00:00,6269.46
31/10/2018 00:00,6303.27
01/11/2018 00:00,6340.99
02/11/2018 00:00,6350.43
03/11/2018 00:00,6335
04/11/2018 00:00,6421.76
05/11/2018 00:00,6403.2
06/11/2018 00:00,6447.5
07/11/2018 00:00,6501
08/11/2018 00:00,6405.49
09/11/2018 00:00,6325
10/11/2018 00:00,6349.32
11/11/2018 00:00,6357.54
12/11/2018 00:00,6318
13/11/2018 00:00,6260.91
14/11/2018 00:00,5595.91
15/11/2018 00:00,5585
16/11/2018 00:00,5508.71
17/11/2018 00:00,5503.36
18/11/2018 00:00,5559.26
19/11/2018 00:00,4735.44
20/11/2018 00:00,4352
21/11/2018 00:00,4538.01
22/11/2018 00:00,4275.23
23/11/2018 00:00,4288.26
24/11/2018 00:00,3785.65
25/11/2018 00:00,3938.89
26/11/2018 00:00,3727.34
27/11/2018 00:00,3771.01
28/11/2018 00:00,4220.16
29/11/2018 00:00,4249.8
30/11/2018 00:00,3971.06
01/12/2018 00:00,4140.39
02/12/2018 00:00,4102.05
03/12/2018 00:00,3834.34
04/12/2018 00:00,3903.52
05/12/2018 00:00,3696.69
06/12/2018 00:00,3437.26
07/12/2018 00:00,3380.68
08/12/2018 00:00,3398.8
09/12/2018 00:00,3529.75
10/12/2018 00:00,3408
11/12/2018 00:00,3353.42
12/12/2018 00:00,3430.18
13/12/2018 00:00,3262.73
14/12/2018 00:00,3195.75
15/12/2018 00:00,3179.54
16/12/2018 00:00,3193.78
17/12/2018 00:00,3496.73
18/12/2018 00:00,3667.16
19/12/2018 00:00,3684.5
20/12/2018 00:00,4073.77
21/12/2018 00:00,3841.08
22/12/2018 00:00,3980.9
23/12/2018 00:00,3943.83
24/12/2018 00:00,4036
25/12/2018 00:00,3779.99
26/12/2018 00:00,3810.01
27/12/2018 00:00,3591.69
28/12/2018 00:00,3884.97
29/12/2018 00:00,3725.48
30/12/2018 00:00,3835.79
31/12/2018 00:00,3693.3
01/01/2019 00:00,3823.44
02/01/2019 00:00,3885.87
03/01/2019 00:00,3787.81
04/01/2019 00:00,3817.71
05/01/2019 00:00,3791.84
06/01/2019 00:00,4040.71
07/01/2019 00:00,4005.45
08/01/2019 00:00,3994.9
09/01/2019 00:00,4002.13
10/01/2019 00:00,3627.51
11/01/2019 00:00,3632.02
12/01/2019 00:00,3617.13
13/01/2019 00:00,3515.95
14/01/2019 00:00,3664.28
15/01/2019 00:00,3576.93
16/01/2019 00:00,3605.91
17/01/2019 00:00,3638.01
18/01/2019 00:00,3609.21
19/01/2019 00:00,3681
20/01/2019 00:00,3536.72
21/01/2019 00:00,3531.51
22/01/2019 00:00,3576.81
23/01/2019 00:00,3552.32
24/01/2019 00:00,3570.73
25/01/2019 00:00,3560
26/01/2019 00:00,3555.56
27/01/2019 00:00,3533.23
28/01/2019 00:00,3429.5
29/01/2019 00:00,3390.5
30/01/2019 00:00,3437.35
31/01/2019 00:00,3413.11
01/02/2019 00:00,3434.83
02/02/2019 00:00,3462.82
03/02/2019 00:00,3414.82
04/02/2019 00:00,3410.87
05/02/2019 00:00,3431.39
06/02/2019 00:00,3364.62
07/02/2019 00:00,3359.33
08/02/2019 00:00,3622.94
09/02/2019 00:00,3622.62
10/02/2019 00:00,3650.37
11/02/2019 00:00,3588.7
12/02/2019 00:00,3585.94
13/02/2019 00:00,3574.93
14/02/2019 00:00,3560.46
15/02/2019 00:00,3566.29
16/02/2019 00:00,3579.92
17/02/2019 00:00,3625.6
18/02/2019 00:00,3869.8
19/02/2019 00:00,3888.46
20/02/2019 00:00,3936.53
21/02/2019 00:00,3900.4
22/02/2019 00:00,3939.82
23/02/2019 00:00,4113.53
24/02/2019 00:00,3730.68
25/02/2019 00:00,3820.71
26/02/2019 00:00,3795.06
27/02/2019 00:00,3798.47
28/02/2019 00:00,3791.36
01/03/2019 00:00,3807.05
02/03/2019 00:00,3810.46
03/03/2019 00:00,3789.52
04/03/2019 00:00,3698.66
05/03/2019 00:00,3844.07
06/03/2019 00:00,3851.55
07/03/2019 00:00,3856.64
08/03/2019 00:00,3844.64
09/03/2019 00:00,3916.43
10/03/2019 00:00,3897.92
11/03/2019 00:00,3849.25
12/03/2019 00:00,3859.74
13/03/2019 00:00,3848.48
14/03/2019 00:00,3854.77
15/03/2019 00:00,3901.21
16/03/2019 00:00,3990
17/03/2019 00:00,3965.5
18/03/2019 00:00,3969.59
19/03/2019 00:00,3998.13
20/03/2019 00:00,4031.59
21/03/2019 00:00,3974.21
22/03/2019 00:00,3982.07
23/03/2019 00:00,3982.52
24/03/2019 00:00,3969.99
25/03/2019 00:00,3910.51
26/03/2019 00:00,3922.58
27/03/2019 00:00,4025.5
28/03/2019 00:00,4012.23
29/03/2019 00:00,4090
30/03/2019 00:00,4094.92
31/03/2019 00:00,4096.08
01/04/2019 00:00,4136.32
02/04/2019 00:00,4899.63
03/04/2019 00:00,4978.23
04/04/2019 00:00,4907.94
05/04/2019 00:00,5039.73
06/04/2019 00:00,5041.39
07/04/2019 00:00,5190.85
08/04/2019 00:00,5287.88
09/04/2019 00:00,5192.6
10/04/2019 00:00,5323.47
11/04/2019 00:00,5040.2
12/04/2019 00:00,5076.35
13/04/2019 00:00,5063.63
14/04/2019 00:00,5162.72
15/04/2019 00:00,5027.31
16/04/2019 00:00,5202.43
17/04/2019 00:00,5233.72
18/04/2019 00:00,5281.58
19/04/2019 00:00,5289.91
20/04/2019 00:00,5318.89
21/04/2019 00:00,5295.65
22/04/2019 00:00,5386.8
23/04/2019 00:00,5531.32
24/04/2019 00:00,5440.95
25/04/2019 00:00,5132.55
26/04/2019 00:00,5155.19
27/04/2019 00:00,5168.91
28/04/2019 00:00,5160.98
29/04/2019 00:00,5149.11
30/04/2019 00:00,5269
01/05/2019 00:00,5318.42
02/05/2019 00:00,5385
03/05/2019 00:00,5658.22
04/05/2019 00:00,5764.65
05/05/2019 00:00,5709.32
06/05/2019 00:00,5685.46
07/05/2019 00:00,5751.54
08/05/2019 00:00,5940.89
09/05/2019 00:00,6156.7
10/05/2019 00:00,6342.84
11/05/2019 00:00,7217.47
12/05/2019 00:00,6974.35
13/05/2019 00:00,7810.05
14/05/2019 00:00,7986
15/05/2019 00:00,8208.69
16/05/2019 00:00,7880
17/05/2019 00:00,7351.71
18/05/2019 00:00,7260.12
19/05/2019 00:00,8200
20/05/2019 00:00,8005.64
21/05/2019 00:00,7955.16
22/05/2019 00:00,7624.95
23/05/2019 00:00,7880.22
24/05/2019 00:00,7999.02
25/05/2019 00:00,8064.64
26/05/2019 00:00,8733.26
27/05/2019 00:00,8770.73
28/05/2019 00:00,8717.96
29/05/2019 00:00,8663.41
30/05/2019 00:00,8277.76
31/05/2019 00:00,8547.2
01/06/2019 00:00,8556.27
02/06/2019 00:00,8734.49
03/06/2019 00:00,8103.64
04/06/2019 00:00,7665.53
05/06/2019 00:00,7785.94
06/06/2019 00:00,7806.07
07/06/2019 00:00,8001.25
08/06/2019 00:00,7932.27
09/06/2019 00:00,7632.99
10/06/2019 00:00,8021.1
11/06/2019 00:00,7919.1
12/06/2019 00:00,8176.27
13/06/2019 00:00,8238
14/06/2019 00:00,8697.54
15/06/2019 00:00,8857.19
16/06/2019 00:00,8974.19
17/06/2019 00:00,9333.48
18/06/2019 00:00,9078.84
19/06/2019 00:00,9278.27
20/06/2019 00:00,9534.99
21/06/2019 00:00,10222.12
22/06/2019 00:00,10661.3
23/06/2019 00:00,10831.95
24/06/2019 00:00,11029.63
25/06/2019 00:00,11751.01
26/06/2019 00:00,12920.54
27/06/2019 00:00,11153.74
28/06/2019 00:00,12354.43
29/06/2019 00:00,11858.62
30/06/2019 00:00,10760.1
01/07/2019 00:00,10577.43
02/07/2019 00:00,10828.9
03/07/2019 00:00,11967.43
04/07/2019 00:00,11146.34
05/07/2019 00:00,10997.84
06/07/2019 00:00,11240
07/07/2019 00:00,11469.96
08/07/2019 00:00,12286.14
09/07/2019 00:00,12567.23
10/07/2019 00:00,12098.95
11/07/2019 00:00,11349.24
12/07/2019 00:00,11808.91
13/07/2019 00:00,11378.79
14/07/2019 00:00,10191.87
15/07/2019 00:00,10850
16/07/2019 00:00,9412.81
17/07/2019 00:00,9699.35
18/07/2019 00:00,10648.6
19/07/2019 00:00,10535.43
20/07/2019 00:00,10750.11
21/07/2019 00:00,10600.24
22/07/2019 00:00,10328.83
23/07/2019 00:00,9847.02
24/07/2019 00:00,9763.67
25/07/2019 00:00,9883.96
26/07/2019 00:00,9846.94
27/07/2019 00:00,9481.37
28/07/2019 00:00,9533.19
29/07/2019 00:00,9495.39
30/07/2019 00:00,9593.62
31/07/2019 00:00,10085.34
01/08/2019 00:00,10407.71
02/08/2019 00:00,10529.51
03/08/2019 00:00,10821.52
04/08/2019 00:00,10986.96
05/08/2019 00:00,11800
06/08/2019 00:00,11470
07/08/2019 00:00,11971.57
08/08/2019 00:00,11983.43
09/08/2019 00:00,11859.32
10/08/2019 00:00,11273.2
11/08/2019 00:00,11528.73
12/08/2019 00:00,11385.11
13/08/2019 00:00,10862.28
14/08/2019 00:00,10022.99
15/08/2019 00:00,10301.44
16/08/2019 00:00,10354.34
17/08/2019 00:00,10210.89
18/08/2019 00:00,10318.99
19/08/2019 00:00,10927.3
20/08/2019 00:00,10772.22
21/08/2019 00:00,10134.75
22/08/2019 00:00,10112.01
23/08/2019 00:00,10401.6
24/08/2019 00:00,10149.7
25/08/2019 00:00,10136.75
26/08/2019 00:00,10360.97
27/08/2019 00:00,10167.29
28/08/2019 00:00,9711.78
29/08/2019 00:00,9490
30/08/2019 00:00,9579.75
31/08/2019 00:00,9594.15
01/09/2019 00:00,9767.53
02/09/2019 00:00,10384.48
03/09/2019 00:00,10617.61
04/09/2019 00:00,10586.26
05/09/2019 00:00,10573.66
06/09/2019 00:00,10311.09
07/09/2019 00:00,10484.39
08/09/2019 00:00,10400.18
09/09/2019 00:00,10307.45
10/09/2019 00:00,10096
11/09/2019 00:00,10154.46
12/09/2019 00:00,10420.34
13/09/2019 00:00,10368.65
14/09/2019 00:00,10355.37
15/09/2019 00:00,10305.74
16/09/2019 00:00,10269.98
17/09/2019 00:00,10195.73
18/09/2019 00:00,10152.09
19/09/2019 00:00,10271.53
20/09/2019 00:00,10169.02
21/09/2019 00:00,9985.28
22/09/2019 00:00,10020.58
23/09/2019 00:00,9682.19
24/09/2019 00:00,8536.82
25/09/2019 00:00,8432.16
26/09/2019 00:00,8055.03
27/09/2019 00:00,8187.72
28/09/2019 00:00,8218.07
29/09/2019 00:00,8047.6
30/09/2019 00:00,8298.45
01/10/2019 00:00,8319.01
02/10/2019 00:00,8373.42
03/10/2019 00:00,8239.92
04/10/2019 00:00,8152.07
05/10/2019 00:00,8145.17
06/10/2019 00:00,7854.12
07/10/2019 00:00,8205.53
08/10/2019 00:00,8178.54
09/10/2019 00:00,8586.34
10/10/2019 00:00,8582.11
11/10/2019 00:00,8265.55
12/10/2019 00:00,8303.43
13/10/2019 00:00,8282.96
14/10/2019 00:00,8362.99
15/10/2019 00:00,8155.13
16/10/2019 00:00,7995.89
17/10/2019 00:00,8073.32
18/10/2019 00:00,7955.08
19/10/2019 00:00,7960.49
20/10/2019 00:00,8235.74
21/10/2019 00:00,8213.65
22/10/2019 00:00,8025.9
23/10/2019 00:00,7470.77
24/10/2019 00:00,7435
25/10/2019 00:00,8662.66
26/10/2019 00:00,9252.75
27/10/2019 00:00,9557.08
28/10/2019 00:00,9216.44
29/10/2019 00:00,9426.94
30/10/2019 00:00,9159.94
31/10/2019 00:00,9150.07
01/11/2019 00:00,9250.45
02/11/2019 00:00,9304.75
03/11/2019 00:00,9207
04/11/2019 00:00,9410.76
05/11/2019 00:00,9320.14
06/11/2019 00:00,9344.78
07/11/2019 00:00,9199.36
08/11/2019 00:00,8767.37
09/11/2019 00:00,8812.21
10/11/2019 00:00,9024.49
11/11/2019 00:00,8720.36
12/11/2019 00:00,8813.91
13/11/2019 00:00,8755.24
14/11/2019 00:00,8636.9
15/11/2019 00:00,8463.49
16/11/2019 00:00,8484.63
17/11/2019 00:00,8499.31
18/11/2019 00:00,8170.65
19/11/2019 00:00,8121.63
20/11/2019 00:00,8088.44
21/11/2019 00:00,7611.51
22/11/2019 00:00,7285.85
23/11/2019 00:00,7320.39
24/11/2019 00:00,6908.36
25/11/2019 00:00,7122.14
26/11/2019 00:00,7159.22
27/11/2019 00:00,7527.84
28/11/2019 00:00,7436.72
29/11/2019 00:00,7753.69
30/11/2019 00:00,7550.67
01/12/2019 00:00,7412.66
02/12/2019 00:00,7309.64
03/12/2019 00:00,7300.43
04/12/2019 00:00,7197.78
05/12/2019 00:00,7390.42
06/12/2019 00:00,7541.79
07/12/2019 00:00,7502.65
08/12/2019 00:00,7524.26
09/12/2019 00:00,7340.52
10/12/2019 00:00,7216.07
11/12/2019 00:00,7207.42
12/12/2019 00:00,7188.42
13/12/2019 00:00,7257.47
14/12/2019 00:00,7059.03
15/12/2019 00:00,7115.08
16/12/2019 00:00,6882.19
17/12/2019 00:00,6612.3
18/12/2019 00:00,7286.91
19/12/2019 00:00,7149.57
20/12/2019 00:00,7194.11
21/12/2019 00:00,7147.4
22/12/2019 00:00,7509.7
23/12/2019 00:00,7316.17
24/12/2019 00:00,7251.52
25/12/2019 00:00,7195.79
26/12/2019 00:00,7188.3
27/12/2019 00:00,7246
28/12/2019 00:00,7296.24
29/12/2019 00:00,7385.54
30/12/2019 00:00,7220.24
31/12/2019 00:00,7168.36
01/01/2020 00:00,7178.68
02/01/2020 00:00,6950.56
03/01/2020 00:00,7338.91
04/01/2020 00:00,7344.48
05/01/2020 00:00,7356.7
06/01/2020 00:00,7762.74
07/01/2020 00:00,8159.01
08/01/2020 00:00,8044.44
09/01/2020 00:00,7806.78
10/01/2020 00:00,8200
11/01/2020 00:00,8016.22
12/01/2020 00:00,8180.76
13/01/2020 00:00,8105.01
14/01/2020 00:00,8813.04
15/01/2020 00:00,8809.17
16/01/2020 00:00,8710.15
17/01/2020 00:00,8892.63
18/01/2020 00:00,8908.53
19/01/2020 00:00,8696.6
20/01/2020 00:00,8625.17
21/01/2020 00:00,8717.89
22/01/2020 00:00,8655.93
23/01/2020 00:00,8378.44
24/01/2020 00:00,8422.13
25/01/2020 00:00,8329.5
26/01/2020 00:00,8590.48
27/01/2020 00:00,8894.54
28/01/2020 00:00,9400
29/01/2020 00:00,9289.18
30/01/2020 00:00,9500
31/01/2020 00:00,9327.85
01/02/2020 00:00,9377.17
02/02/2020 00:00,9329.39
03/02/2020 00:00,9288.09
04/02/2020 00:00,9159.37
05/02/2020 00:00,9618.42
06/02/2020 00:00,9754.63
07/02/2020 00:00,9803.42
08/02/2020 00:00,9902
09/02/2020 00:00,10173.97
10/02/2020 00:00,9850.01
11/02/2020 00:00,10268.98
12/02/2020 00:00,10348.78
13/02/2020 00:00,10228.67
14/02/2020 00:00,10364.04
15/02/2020 00:00,9899.78
16/02/2020 00:00,9912.89
17/02/2020 00:00,9697.15
18/02/2020 00:00,10185.17
19/02/2020 00:00,9595.72
20/02/2020 00:00,9612.76
21/02/2020 00:00,9696.13
22/02/2020 00:00,9668.13
23/02/2020 00:00,9965.21
24/02/2020 00:00,9652.58
25/02/2020 00:00,9305.4
26/02/2020 00:00,8779.36
27/02/2020 00:00,8816.5
28/02/2020 00:00,8703.84
29/02/2020 00:00,8527.74
01/03/2020 00:00,8528.95
02/03/2020 00:00,8917.34
03/03/2020 00:00,8755.45
04/03/2020 00:00,8753.28
05/03/2020 00:00,9066.65
06/03/2020 00:00,9153.79
07/03/2020 00:00,8893.93
08/03/2020 00:00,8033.7
09/03/2020 00:00,7936.25
10/03/2020 00:00,7885.92
11/03/2020 00:00,7934.57
12/03/2020 00:00,4841.67
13/03/2020 00:00,5622.74
14/03/2020 00:00,5169.37
15/03/2020 00:00,5343.64
16/03/2020 00:00,5033.42
17/03/2020 00:00,5324.99
18/03/2020 00:00,5406.92
19/03/2020 00:00,6181.18
20/03/2020 00:00,6210.14
21/03/2020 00:00,6187.78
22/03/2020 00:00,5813.15
23/03/2020 00:00,6493.51
24/03/2020 00:00,6768.64
25/03/2020 00:00,6692.22
26/03/2020 00:00,6760.72
27/03/2020 00:00,6376.03
28/03/2020 00:00,6253.08
29/03/2020 00:00,5870.9
30/03/2020 00:00,6407.77
31/03/2020 00:00,6421.14
01/04/2020 00:00,6652.07
02/04/2020 00:00,6801.99
03/04/2020 00:00,6742.57
04/04/2020 00:00,6879.61
05/04/2020 00:00,6775.2
06/04/2020 00:00,7352.43
07/04/2020 00:00,7202.73
08/04/2020 00:00,7367.36
09/04/2020 00:00,7293.93
10/04/2020 00:00,6877.03
11/04/2020 00:00,6883.18
12/04/2020 00:00,6908.24
13/04/2020 00:00,6864.22
14/04/2020 00:00,6879.75
15/04/2020 00:00,6619
16/04/2020 00:00,7111.67
17/04/2020 00:00,7024.19
18/04/2020 00:00,7262.26
19/04/2020 00:00,7126.4
20/04/2020 00:00,6841
21/04/2020 00:00,6854.98
22/04/2020 00:00,7137.79
23/04/2020 00:00,7484.58
24/04/2020 00:00,7505.53
25/04/2020 00:00,7547.56
26/04/2020 00:00,7701.73
27/04/2020 00:00,7786.41
28/04/2020 00:00,7767.79
29/04/2020 00:00,8790.32
30/04/2020 00:00,8627.32
01/05/2020 00:00,8832.44
02/05/2020 00:00,8983.79
03/05/2020 00:00,8915.98
04/05/2020 00:00,8882.87
05/05/2020 00:00,9034.85
06/05/2020 00:00,9154.32
07/05/2020 00:00,10000
08/05/2020 00:00,9801.35
09/05/2020 00:00,9546.56
10/05/2020 00:00,8731.17
11/05/2020 00:00,8571.98
12/05/2020 00:00,8825.46
13/05/2020 00:00,9315.5
14/05/2020 00:00,9793.5
15/05/2020 00:00,9306.21
16/05/2020 00:00,9389.07
17/05/2020 00:00,9665.7
18/05/2020 00:00,9721.91
19/05/2020 00:00,9787.65
20/05/2020 00:00,9516.51
21/05/2020 00:00,9062.47
22/05/2020 00:00,9171.96
23/05/2020 00:00,9183.46
24/05/2020 00:00,8718.77
25/05/2020 00:00,8903.56
26/05/2020 00:00,8840.91
27/05/2020 00:00,9210
28/05/2020 00:00,9577.38
29/05/2020 00:00,9421.04
30/05/2020 00:00,9705.1
31/05/2020 00:00,9446.19
01/06/2020 00:00,10203.64
02/06/2020 00:00,9525.73
03/06/2020 00:00,9668.99
04/06/2020 00:00,9791.92
05/06/2020 00:00,9619.99
06/06/2020 00:00,9669.85
07/06/2020 00:00,9750.04
08/06/2020 00:00,9783
09/06/2020 00:00,9776.84
10/06/2020 00:00,9894.32
11/06/2020 00:00,9264.26
12/06/2020 00:00,9463.07
13/06/2020 00:00,9473.46
14/06/2020 00:00,9329.99
15/06/2020 00:00,9435.15
16/06/2020 00:00,9530.3
17/06/2020 00:00,9461.29
18/06/2020 00:00,9374.78
19/06/2020 00:00,9304.32
20/06/2020 00:00,9355.46
21/06/2020 00:00,9283.03
22/06/2020 00:00,9683.12
23/06/2020 00:00,9622.81
24/06/2020 00:00,9286.06
25/06/2020 00:00,9239.48
26/06/2020 00:00,9158.26
27/06/2020 00:00,9009.3
28/06/2020 00:00,9118.01
29/06/2020 00:00,9188.88
30/06/2020 00:00,9132.96
01/07/2020 00:00,9233.38
02/07/2020 00:00,9092.92
03/07/2020 00:00,9063.08
04/07/2020 00:00,9138.52
05/07/2020 00:00,9076.82
06/07/2020 00:00,9348.22
07/07/2020 00:00,9257.16
08/07/2020 00:00,9437.16
09/07/2020 00:00,9234.9
10/07/2020 00:00,9283.53
11/07/2020 00:00,9238.3
12/07/2020 00:00,9306.17
13/07/2020 00:00,9233.1
14/07/2020 00:00,9251.59
15/07/2020 00:00,9190.07
16/07/2020 00:00,9132.87
17/07/2020 00:00,9156.5
18/07/2020 00:00,9177.43
19/07/2020 00:00,9211.99
20/07/2020 00:00,9162.43
21/07/2020 00:00,9391.25
22/07/2020 00:00,9539.51
23/07/2020 00:00,9617.2
24/07/2020 00:00,9547.91
25/07/2020 00:00,9710.98
26/07/2020 00:00,9944.65
27/07/2020 00:00,11046.19
28/07/2020 00:00,10939.27
29/07/2020 00:00,11111.17
30/07/2020 00:00,11112.12
31/07/2020 00:00,11356.74
01/08/2020 00:00,11817.49
02/08/2020 00:00,11071.66
03/08/2020 00:00,11236.39
04/08/2020 00:00,11192.42
05/08/2020 00:00,11755.24
06/08/2020 00:00,11770.08
07/08/2020 00:00,11600.85
08/08/2020 00:00,11776.9
09/08/2020 00:00,11683.03
10/08/2020 00:00,11895.12
11/08/2020 00:00,11392.64
12/08/2020 00:00,11565.35
13/08/2020 00:00,11793.26
14/08/2020 00:00,11779.77
15/08/2020 00:00,11852.2
16/08/2020 00:00,11914.02
17/08/2020 00:00,12298.38
18/08/2020 00:00,11958.1
19/08/2020 00:00,11757.55
20/08/2020 00:00,11859.37
21/08/2020 00:00,11531.74
22/08/2020 00:00,11667.7
23/08/2020 00:00,11644.65
24/08/2020 00:00,11761.8
25/08/2020 00:00,11328.88
26/08/2020 00:00,11469.3
27/08/2020 00:00,11330
28/08/2020 00:00,11536.58
29/08/2020 00:00,11471.71
30/08/2020 00:00,11708.97
31/08/2020 00:00,11655
01/09/2020 00:00,11923.96
02/09/2020 00:00,11398.44
03/09/2020 00:00,10160
04/09/2020 00:00,10456.32
05/09/2020 00:00,10167.19
06/09/2020 00:00,10260.17
07/09/2020 00:00,10377.14
08/09/2020 00:00,10123.96
09/09/2020 00:00,10232.8
10/09/2020 00:00,10342.59
11/09/2020 00:00,10393.04
12/09/2020 00:00,10443.33
13/09/2020 00:00,10334.78
14/09/2020 00:00,10675.15
15/09/2020 00:00,10783.83
16/09/2020 00:00,10951.54
17/09/2020 00:00,10940.47
18/09/2020 00:00,10931.2
19/09/2020 00:00,11077.22
20/09/2020 00:00,10923.5
21/09/2020 00:00,10411.29
22/09/2020 00:00,10534.31
23/09/2020 00:00,10233.42
24/09/2020 00:00,10744.02
25/09/2020 00:00,10689.81
26/09/2020 00:00,10729.09
27/09/2020 00:00,10780.66
28/09/2020 00:00,10689.48
29/09/2020 00:00,10836.42
30/09/2020 00:00,10778.22
01/10/2020 00:00,10622.71
02/10/2020 00:00,10578.54
03/10/2020 00:00,10553.66
04/10/2020 00:00,10669.63
05/10/2020 00:00,10795
06/10/2020 00:00,10606.33
07/10/2020 00:00,10669.14
08/10/2020 00:00,10925.2
09/10/2020 00:00,11052
10/10/2020 00:00,11301.2
11/10/2020 00:00,11372.93
12/10/2020 00:00,11535.98
13/10/2020 00:00,11427.98
14/10/2020 00:00,11428.84
15/10/2020 00:00,11511.11
16/10/2020 00:00,11321.86
17/10/2020 00:00,11365.8
18/10/2020 00:00,11519.97
19/10/2020 00:00,11764.14
20/10/2020 00:00,11921.11
21/10/2020 00:00,12802.67
22/10/2020 00:00,12983.26
23/10/2020 00:00,12941.59
24/10/2020 00:00,13122.73
25/10/2020 00:00,13039.09
26/10/2020 00:00,13066.73
27/10/2020 00:00,13647.9
28/10/2020 00:00,13274.73
29/10/2020 00:00,13468.44
30/10/2020 00:00,13562.13
31/10/2020 00:00,13816.08
01/11/2020 00:00,13762
02/11/2020 00:00,13563.72
03/11/2020 00:00,14041.58
04/11/2020 00:00,14160.59
05/11/2020 00:00,15605.04
06/11/2020 00:00,15598.09
07/11/2020 00:00,14838.97
08/11/2020 00:00,15489.15
09/11/2020 00:00,15332.04
10/11/2020 00:00,15313.65
11/11/2020 00:00,15707.89
12/11/2020 00:00,16300
13/11/2020 00:00,16335.58
14/11/2020 00:00,16086.34
15/11/2020 00:00,15975.49
16/11/2020 00:00,16724.62
17/11/2020 00:00,17680.63
18/11/2020 00:00,17785.95
19/11/2020 00:00,17825.47
20/11/2020 00:00,18687.65
21/11/2020 00:00,18725
22/11/2020 00:00,18435.2
23/11/2020 00:00,18383.35
24/11/2020 00:00,19160.85
25/11/2020 00:00,18732.43
26/11/2020 00:00,17160.09
27/11/2020 00:00,17154.39
28/11/2020 00:00,17741.79
29/11/2020 00:00,18192.03
30/11/2020 00:00,19700.19
01/12/2020 00:00,18771.43
02/12/2020 00:00,19226.55
03/12/2020 00:00,19448.4
04/12/2020 00:00,18673.76
05/12/2020 00:00,19162.16
06/12/2020 00:00,19380.58
07/12/2020 00:00,19173.5
08/12/2020 00:00,18316.43
09/12/2020 00:00,18556.64
10/12/2020 00:00,18250.3
11/12/2020 00:00,18040.02
12/12/2020 00:00,18815.63
13/12/2020 00:00,19162.36
14/12/2020 00:00,19274.33
15/12/2020 00:00,19434.87
16/12/2020 00:00,21365.7
17/12/2020 00:00,22814.24
18/12/2020 00:00,23136.14
19/12/2020 00:00,23842.99
20/12/2020 00:00,23470.85
21/12/2020 00:00,22732.01
22/12/2020 00:00,23835.1
23/12/2020 00:00,23247.71
24/12/2020 00:00,23726.28
25/12/2020 00:00,24705.15
26/12/2020 00:00,26466.28
27/12/2020 00:00,26259.6
28/12/2020 00:00,27037.91
29/12/2020 00:00,27370
30/12/2020 00:00,28881.3
31/12/2020 00:00,28992.79
01/01/2021 00:00,29402.64
02/01/2021 00:00,32216.53
03/01/2021 00:00,33097.83
04/01/2021 00:00,32005.88
05/01/2021 00:00,34039.05
06/01/2021 00:00,36849.94
07/01/2021 00:00,39510.49
08/01/2021 00:00,40667.07
09/01/2021 00:00,40239.06
10/01/2021 00:00,38173.73
11/01/2021 00:00,35455.58
12/01/2021 00:00,34035.02
13/01/2021 00:00,37393.49
14/01/2021 00:00,39134.35
15/01/2021 00:00,36756.57
16/01/2021 00:00,36000
17/01/2021 00:00,35819.25
18/01/2021 00:00,36616.95
19/01/2021 00:00,35917.62
20/01/2021 00:00,35496.91
21/01/2021 00:00,30818.18
22/01/2021 00:00,32992.06
23/01/2021 00:00,32117.49
24/01/2021 00:00,32288.83
25/01/2021 00:00,32261.22
26/01/2021 00:00,32504.53
27/01/2021 00:00,30424.62
28/01/2021 00:00,33484.87
29/01/2021 00:00,34249.64
30/01/2021 00:00,34323
31/01/2021 00:00,33141.38
01/02/2021 00:00,33532.74
02/02/2021 00:00,35522.16
03/02/2021 00:00,37691.63
04/02/2021 00:00,36996.32
05/02/2021 00:00,38320
06/02/2021 00:00,39282.1
07/02/2021 00:00,38858.39
08/02/2021 00:00,46416.45
09/02/2021 00:00,46505.2
10/02/2021 00:00,44854.63
11/02/2021 00:00,47981.48
12/02/2021 00:00,47395.84
13/02/2021 00:00,47228.48
14/02/2021 00:00,48662.5
15/02/2021 00:00,47942.57
16/02/2021 00:00,49166.53
17/02/2021 00:00,52174.28
18/02/2021 00:00,51579.54
19/02/2021 00:00,55988.58
20/02/2021 00:00,55936.04
21/02/2021 00:00,57492.91
22/02/2021 00:00,54173.65
23/02/2021 00:00,48887.93
24/02/2021 00:00,49754
25/02/2021 00:00,47088.58
26/02/2021 00:00,46314.83
27/02/2021 00:00,46109.98
28/02/2021 00:00,45240.96
01/03/2021 00:00,49629.33
02/03/2021 00:00,48516.35
03/03/2021 00:00,50379.68
04/03/2021 00:00,48360.5
05/03/2021 00:00,48739.21
06/03/2021 00:00,48904.63
07/03/2021 00:00,50967.3
08/03/2021 00:00,52427.8
09/03/2021 00:00,54929.02
10/03/2021 00:00,55852.29
11/03/2021 00:00,57772.09
12/03/2021 00:00,57271.04
13/03/2021 00:00,61165.19
14/03/2021 00:00,59016.39
15/03/2021 00:00,55644.37
16/03/2021 00:00,56908.34
17/03/2021 00:00,58901.8
18/03/2021 00:00,57648.05
19/03/2021 00:00,58072
20/03/2021 00:00,58138.39
21/03/2021 00:00,57381.79
22/03/2021 00:00,54070.92
23/03/2021 00:00,54361.57
24/03/2021 00:00,52287.52
25/03/2021 00:00,51326.11
26/03/2021 00:00,55081.37
27/03/2021 00:00,55839.42
28/03/2021 00:00,55790.92
29/03/2021 00:00,57600.1
30/03/2021 00:00,58760.59
31/03/2021 00:00,58782.58
01/04/2021 00:00,58728.53
02/04/2021 00:00,59003.6
03/04/2021 00:00,57064.42
04/04/2021 00:00,58212.18
05/04/2021 00:00,59125
06/04/2021 00:00,58018.3
07/04/2021 00:00,55932.83
08/04/2021 00:00,58096.6
09/04/2021 00:00,58109.56
10/04/2021 00:00,59766.93
11/04/2021 00:00,59979.26
12/04/2021 00:00,59831.66
13/04/2021 00:00,63564.48
14/04/2021 00:00,62986.09
15/04/2021 00:00,63239.19
16/04/2021 00:00,61436.24
17/04/2021 00:00,60032.29
18/04/2021 00:00,56280.6
19/04/2021 00:00,55694.55
20/04/2021 00:00,56503.19
21/04/2021 00:00,53806.24
22/04/2021 00:00,51683.95
23/04/2021 00:00,51176.65
24/04/2021 00:00,50118.94
25/04/2021 00:00,49128.43
26/04/2021 00:00,54073.41
27/04/2021 00:00,55091.39
28/04/2021 00:00,54901.97
29/04/2021 00:00,53593.97
30/04/2021 00:00,57775.27
01/05/2021 00:00,57851.91
02/05/2021 00:00,56622.66
03/05/2021 00:00,57222.37
04/05/2021 00:00,53236.84
05/05/2021 00:00,57509.93
06/05/2021 00:00,56447.39
07/05/2021 00:00,57381.73
08/05/2021 00:00,58984.75
09/05/2021 00:00,58305.24
10/05/2021 00:00,55880.72
11/05/2021 00:00,56763.7
12/05/2021 00:00,49386.56
13/05/2021 00:00,49694.96
14/05/2021 00:00,49880.43
15/05/2021 00:00,46708.89
16/05/2021 00:00,46444.75
17/05/2021 00:00,43593.39
18/05/2021 00:00,42877.75
19/05/2021 00:00,36780.43
20/05/2021 00:00,40640.9
21/05/2021 00:00,37335.16
22/05/2021 00:00,37500.54
23/05/2021 00:00,34706.79
24/05/2021 00:00,38839.86
25/05/2021 00:00,38397.72
26/05/2021 00:00,39309.56
27/05/2021 00:00,38503.47
28/05/2021 00:00,35692.46
29/05/2021 00:00,34632.08
30/05/2021 00:00,35677.72
31/05/2021 00:00,37341.41
01/06/2021 00:00,36693.3
02/06/2021 00:00,37589.36
03/06/2021 00:00,39219.88
04/06/2021 00:00,36887.32
05/06/2021 00:00,35532.14
06/06/2021 00:00,35808.85
07/06/2021 00:00,33582.62
08/06/2021 00:00,33411.69
09/06/2021 00:00,37400
10/06/2021 00:00,36707.54
11/06/2021 00:00,37341.11
12/06/2021 00:00,35542.76
13/06/2021 00:00,39013.76
14/06/2021 00:00,40532.79
15/06/2021 00:00,40171.47
16/06/2021 00:00,38353.99
17/06/2021 00:00,38097.68
18/06/2021 00:00,35840
19/06/2021 00:00,35507.06
20/06/2021 00:00,35589.77
21/06/2021 00:00,31634.16
22/06/2021 00:00,32545.26
23/06/2021 00:00,33652.28
24/06/2021 00:00,34649.32
25/06/2021 00:00,31597.75
26/06/2021 00:00,32269.38
27/06/2021 00:00,34699.5
28/06/2021 00:00,34487.11
29/06/2021 00:00,35907.93
30/06/2021 00:00,35037.23
01/07/2021 00:00,33564.21
02/07/2021 00:00,33811.56
03/07/2021 00:00,34688.3
04/07/2021 00:00,35289.21
05/07/2021 00:00,33704.21
06/07/2021 00:00,34244.09
07/07/2021 00:00,33882.47
08/07/2021 00:00,32898.79
09/07/2021 00:00,33826.43
10/07/2021 00:00,33517.6
11/07/2021 00:00,34258.53
12/07/2021 00:00,33105
13/07/2021 00:00,32728
14/07/2021 00:00,32823.55
15/07/2021 00:00,31848.65
16/07/2021 00:00,31388.17
17/07/2021 00:00,31529.68
18/07/2021 00:00,31776.65
19/07/2021 00:00,30829.29
20/07/2021 00:00,29786.58
21/07/2021 00:00,32138.45
22/07/2021 00:00,32300.88
23/07/2021 00:00,33684.17
24/07/2021 00:00,34301.78
25/07/2021 00:00,35428.28
26/07/2021 00:00,37291.24
27/07/2021 00:00,39475.41
28/07/2021 00:00,40036.32
29/07/2021 00:00,40037.51
30/07/2021 00:00,42234.89
31/07/2021 00:00,41490.13
01/08/2021 00:00,39839
02/08/2021 00:00,39165.55
03/08/2021 00:00,38177.07
04/08/2021 00:00,39741.12
05/08/2021 00:00,40894.67
06/08/2021 00:00,42856.59
07/08/2021 00:00,44612.94
08/08/2021 00:00,43858.42
09/08/2021 00:00,46292.89
10/08/2021 00:00,45609.7
11/08/2021 00:00,45539.85
12/08/2021 00:00,44444.45
13/08/2021 00:00,47860.58
14/08/2021 00:00,47119.73
15/08/2021 00:00,47028.3
16/08/2021 00:00,45930.51
17/08/2021 00:00,44694.35
18/08/2021 00:00,44721.13
19/08/2021 00:00,46764.3
20/08/2021 00:00,49356
21/08/2021 00:00,48884.34
22/08/2021 00:00,49301.86
23/08/2021 00:00,49561.37
24/08/2021 00:00,47731.33
25/08/2021 00:00,49011.75
26/08/2021 00:00,46856.29
27/08/2021 00:00,49100.49
28/08/2021 00:00,48935.36
29/08/2021 00:00,48808.72
30/08/2021 00:00,47003.44
31/08/2021 00:00,47156.09
01/09/2021 00:00,48853.49
02/09/2021 00:00,49274.79
03/09/2021 00:00,50025.04
04/09/2021 00:00,49943.16
05/09/2021 00:00,51809.28
06/09/2021 00:00,52708.2
07/09/2021 00:00,46866.82
08/09/2021 00:00,46091.94
09/09/2021 00:00,46392.81
10/09/2021 00:00,44857.38
11/09/2021 00:00,45176.66
12/09/2021 00:00,46035
13/09/2021 00:00,44974.34
14/09/2021 00:00,47103.18
15/09/2021 00:00,48150.94
16/09/2021 00:00,47760.64
17/09/2021 00:00,47305.18
18/09/2021 00:00,48326.74
19/09/2021 00:00,47245.25
20/09/2021 00:00,43035.99
21/09/2021 00:00,40596.54
22/09/2021 00:00,43589.53
23/09/2021 00:00,44903.5
24/09/2021 00:00,42848.5
25/09/2021 00:00,42722.19
26/09/2021 00:00,43204.73
27/09/2021 00:00,42189.81
28/09/2021 00:00,41049
29/09/2021 00:00,41542.9
30/09/2021 00:00,43834.43
01/10/2021 00:00,48171.86
02/10/2021 00:00,47685.8
03/10/2021 00:00,48235.93
04/10/2021 00:00,49242.14
05/10/2021 00:00,51501.19
06/10/2021 00:00,55345.79
07/10/2021 00:00,53787.6
08/10/2021 00:00,53957.21
09/10/2021 00:00,54976.92
10/10/2021 00:00,54714.95
11/10/2021 00:00,57485.2
12/10/2021 00:00,55995.49
13/10/2021 00:00,57374.55
14/10/2021 00:00,57371.58
15/10/2021 00:00,61657.35
16/10/2021 00:00,60870.26
17/10/2021 00:00,61538.97
18/10/2021 00:00,62034.65
19/10/2021 00:00,64241.61
20/10/2021 00:00,65990.31
21/10/2021 00:00,62219.44
22/10/2021 00:00,60702.68
23/10/2021 00:00,61338.76
24/10/2021 00:00,60910.16
25/10/2021 00:00,63101.43
26/10/2021 00:00,60328.22
27/10/2021 00:00,58465.9
28/10/2021 00:00,60592.76
29/10/2021 00:00,62301.59
30/10/2021 00:00,61932.3
31/10/2021 00:00,61359.44
01/11/2021 00:00,60922.85
02/11/2021 00:00,63260
03/11/2021 00:00,62930.72
04/11/2021 00:00,61457.25
05/11/2021 00:00,61031.91
06/11/2021 00:00,61542.44
07/11/2021 00:00,63300
08/11/2021 00:00,67559
09/11/2021 00:00,66945.72
10/11/2021 00:00,64921.43
11/11/2021 00:00,64821.33
12/11/2021 00:00,64158.41
13/11/2021 00:00,64417.52
14/11/2021 00:00,65509.87
15/11/2021 00:00,63606.09
16/11/2021 00:00,60142.31
17/11/2021 00:00,60373.65
18/11/2021 00:00,56917.66
19/11/2021 00:00,58128.55
20/11/2021 00:00,59768.54
21/11/2021 00:00,58678.47
22/11/2021 00:00,56294.11
23/11/2021 00:00,57579.99
24/11/2021 00:00,57185.06
25/11/2021 00:00,58990.14
26/11/2021 00:00,53789.35
27/11/2021 00:00,54774.66
28/11/2021 00:00,57338.55
29/11/2021 00:00,57845.12
30/11/2021 00:00,56974.12
01/12/2021 00:00,57251.59
02/12/2021 00:00,56547.96
03/12/2021 00:00,53743.69
04/12/2021 00:00,49234.97
05/12/2021 00:00,49463.22
06/12/2021 00:00,50555
07/12/2021 00:00,50627.32
08/12/2021 00:00,50543.3
09/12/2021 00:00,47593.12
10/12/2021 00:00,47142.42
11/12/2021 00:00,49400.54
12/12/2021 00:00,50124.38
13/12/2021 00:00,46725.02
14/12/2021 00:00,48389.96
15/12/2021 00:00,48876.84
16/12/2021 00:00,47663.42
17/12/2021 00:00,46210.92
18/12/2021 00:00,46881.87
19/12/2021 00:00,46704.67
20/12/2021 00:00,46915
21/12/2021 00:00,48929.86
22/12/2021 00:00,48618.99
23/12/2021 00:00,50850
24/12/2021 00:00,50841.48
25/12/2021 00:00,50442.22
26/12/2021 00:00,50791.21
27/12/2021 00:00,50718.11
28/12/2021 00:00,47543.3
29/12/2021 00:00,46483.36
30/12/2021 00:00,47150.71
31/12/2021 00:00,46214.37
01/01/2022 00:00,47777.42
02/01/2022 00:00,47350.22
03/01/2022 00:00,46439.89
04/01/2022 00:00,45820
05/01/2022 00:00,43435.8
06/01/2022 00:00,43097.6
07/01/2022 00:00,41535.66
08/01/2022 00:00,41690.77
09/01/2022 00:00,41875.81
10/01/2022 00:00,41845.42
11/01/2022 00:00,42736
12/01/2022 00:00,43933.5
13/01/2022 00:00,42571.94
14/01/2022 00:00,43102.35
15/01/2022 00:00,43102.01
16/01/2022 00:00,43107.7
17/01/2022 00:00,42255.07
18/01/2022 00:00,42377.4
19/01/2022 00:00,41683.21
20/01/2022 00:00,40736.05
21/01/2022 00:00,36495.46
22/01/2022 00:00,35091.11
23/01/2022 00:00,36293.62
24/01/2022 00:00,36724.99
25/01/2022 00:00,36975.91
26/01/2022 00:00,36829.32
27/01/2022 00:00,37208.36
28/01/2022 00:00,37748.36
29/01/2022 00:00,38192.65
30/01/2022 00:00,37941.82
31/01/2022 00:00,38491.92
01/02/2022 00:00,38733.04
02/02/2022 00:00,36923.5
03/02/2022 00:00,37320.11
04/02/2022 00:00,41579.57
05/02/2022 00:00,41427.72
06/02/2022 00:00,42420.24
07/02/2022 00:00,43869.04
08/02/2022 00:00,44091.56
09/02/2022 00:00,44426.84
10/02/2022 00:00,43524.6
11/02/2022 00:00,42406.19
12/02/2022 00:00,42241.11
13/02/2022 00:00,42077.74
14/02/2022 00:00,42540.3
15/02/2022 00:00,44582.48
16/02/2022 00:00,43901.48
17/02/2022 00:00,40556.11
18/02/2022 00:00,39996.99
19/02/2022 00:00,40109.02
20/02/2022 00:00,38373.9
21/02/2022 00:00,37076.6
22/02/2022 00:00,38269.94
23/02/2022 00:00,37274.18
24/02/2022 00:00,38376.88
25/02/2022 00:00,39231.64
26/02/2022 00:00,39146.66
27/02/2022 00:00,37712.68
28/02/2022 00:00,43178.98
01/03/2022 00:00,43185.48
